{"map":{"32":{"x":176,"y":172.20000000000002,"width":11,"height":41.800000000000004},"33":{"x":13,"y":1,"width":12,"height":41.800000000000004},"34":{"x":26,"y":1,"width":15,"height":41.800000000000004},"35":{"x":42,"y":1,"width":27,"height":41.800000000000004},"36":{"x":70,"y":1,"width":22,"height":41.800000000000004},"37":{"x":93,"y":1,"width":32,"height":41.800000000000004},"38":{"x":126,"y":1,"width":28,"height":41.800000000000004},"39":{"x":155,"y":1,"width":9,"height":41.800000000000004},"40":{"x":165,"y":1,"width":15,"height":41.800000000000004},"41":{"x":181,"y":1,"width":15,"height":41.800000000000004},"42":{"x":197,"y":1,"width":21,"height":41.800000000000004},"43":{"x":219,"y":1,"width":30,"height":41.800000000000004},"44":{"x":250,"y":1,"width":11,"height":41.800000000000004},"45":{"x":262,"y":1,"width":19,"height":41.800000000000004},"46":{"x":282,"y":1,"width":11,"height":41.800000000000004},"47":{"x":294,"y":1,"width":20,"height":41.800000000000004},"48":{"x":315,"y":1,"width":25,"height":41.800000000000004},"49":{"x":341,"y":1,"width":25,"height":41.800000000000004},"50":{"x":367,"y":1,"width":25,"height":41.800000000000004},"51":{"x":393,"y":1,"width":25,"height":41.800000000000004},"52":{"x":419,"y":1,"width":25,"height":41.800000000000004},"53":{"x":445,"y":1,"width":25,"height":41.800000000000004},"54":{"x":471,"y":1,"width":25,"height":41.800000000000004},"55":{"x":1,"y":43.800000000000004,"width":25,"height":41.800000000000004},"56":{"x":27,"y":43.800000000000004,"width":25,"height":41.800000000000004},"57":{"x":53,"y":43.800000000000004,"width":25,"height":41.800000000000004},"58":{"x":79,"y":43.800000000000004,"width":14,"height":41.800000000000004},"59":{"x":94,"y":43.800000000000004,"width":15,"height":41.800000000000004},"60":{"x":110,"y":43.800000000000004,"width":27,"height":41.800000000000004},"61":{"x":138,"y":43.800000000000004,"width":31,"height":41.800000000000004},"62":{"x":170,"y":43.800000000000004,"width":27,"height":41.800000000000004},"63":{"x":198,"y":43.800000000000004,"width":25,"height":41.800000000000004},"65":{"x":224,"y":43.800000000000004,"width":27,"height":41.800000000000004},"66":{"x":252,"y":43.800000000000004,"width":24,"height":41.800000000000004},"67":{"x":277,"y":43.800000000000004,"width":25,"height":41.800000000000004},"68":{"x":303,"y":43.800000000000004,"width":26,"height":41.800000000000004},"69":{"x":330,"y":43.800000000000004,"width":24,"height":41.800000000000004},"70":{"x":355,"y":43.800000000000004,"width":23,"height":41.800000000000004},"71":{"x":379,"y":43.800000000000004,"width":28,"height":41.800000000000004},"72":{"x":408,"y":43.800000000000004,"width":27,"height":41.800000000000004},"73":{"x":436,"y":43.800000000000004,"width":12,"height":41.800000000000004},"74":{"x":449,"y":43.800000000000004,"width":21,"height":41.800000000000004},"75":{"x":471,"y":43.800000000000004,"width":24,"height":41.800000000000004},"76":{"x":1,"y":86.60000000000001,"width":23,"height":41.800000000000004},"77":{"x":25,"y":86.60000000000001,"width":33,"height":41.800000000000004},"78":{"x":59,"y":86.60000000000001,"width":28,"height":41.800000000000004},"79":{"x":88,"y":86.60000000000001,"width":29,"height":41.800000000000004},"80":{"x":118,"y":86.60000000000001,"width":24,"height":41.800000000000004},"81":{"x":143,"y":86.60000000000001,"width":30,"height":41.800000000000004},"82":{"x":174,"y":86.60000000000001,"width":25,"height":41.800000000000004},"83":{"x":200,"y":86.60000000000001,"width":22,"height":41.800000000000004},"84":{"x":223,"y":86.60000000000001,"width":26,"height":41.800000000000004},"85":{"x":250,"y":86.60000000000001,"width":26,"height":41.800000000000004},"86":{"x":277,"y":86.60000000000001,"width":27,"height":41.800000000000004},"87":{"x":305,"y":86.60000000000001,"width":36,"height":41.800000000000004},"88":{"x":342,"y":86.60000000000001,"width":26,"height":41.800000000000004},"89":{"x":369,"y":86.60000000000001,"width":26,"height":41.800000000000004},"90":{"x":396,"y":86.60000000000001,"width":25,"height":41.800000000000004},"91":{"x":422,"y":86.60000000000001,"width":19,"height":41.800000000000004},"93":{"x":442,"y":86.60000000000001,"width":19,"height":41.800000000000004},"94":{"x":462,"y":86.60000000000001,"width":25,"height":41.800000000000004},"95":{"x":488,"y":86.60000000000001,"width":22,"height":41.800000000000004},"96":{"x":1,"y":129.4,"width":10,"height":41.800000000000004},"97":{"x":12,"y":129.4,"width":21,"height":41.800000000000004},"98":{"x":34,"y":129.4,"width":23,"height":41.800000000000004},"99":{"x":58,"y":129.4,"width":20,"height":41.800000000000004},"100":{"x":79,"y":129.4,"width":23,"height":41.800000000000004},"101":{"x":103,"y":129.4,"width":21,"height":41.800000000000004},"102":{"x":125,"y":129.4,"width":21,"height":41.800000000000004},"103":{"x":147,"y":129.4,"width":23,"height":41.800000000000004},"104":{"x":171,"y":129.4,"width":23,"height":41.800000000000004},"105":{"x":195,"y":129.4,"width":12,"height":41.800000000000004},"106":{"x":208,"y":129.4,"width":14,"height":41.800000000000004},"107":{"x":223,"y":129.4,"width":22,"height":41.800000000000004},"108":{"x":246,"y":129.4,"width":12,"height":41.800000000000004},"109":{"x":259,"y":129.4,"width":32,"height":41.800000000000004},"110":{"x":292,"y":129.4,"width":23,"height":41.800000000000004},"111":{"x":316,"y":129.4,"width":22,"height":41.800000000000004},"112":{"x":339,"y":129.4,"width":23,"height":41.800000000000004},"113":{"x":363,"y":129.4,"width":23,"height":41.800000000000004},"114":{"x":387,"y":129.4,"width":18,"height":41.800000000000004},"115":{"x":406,"y":129.4,"width":20,"height":41.800000000000004},"116":{"x":427,"y":129.4,"width":20,"height":41.800000000000004},"117":{"x":448,"y":129.4,"width":22,"height":41.800000000000004},"118":{"x":471,"y":129.4,"width":22,"height":41.800000000000004},"119":{"x":1,"y":172.20000000000002,"width":32,"height":41.800000000000004},"120":{"x":34,"y":172.20000000000002,"width":22,"height":41.800000000000004},"121":{"x":57,"y":172.20000000000002,"width":22,"height":41.800000000000004},"122":{"x":80,"y":172.20000000000002,"width":22,"height":41.800000000000004},"123":{"x":103,"y":172.20000000000002,"width":21,"height":41.800000000000004},"125":{"x":125,"y":172.20000000000002,"width":21,"height":41.800000000000004},"126":{"x":147,"y":172.20000000000002,"width":28,"height":41.800000000000004}},"missingGlyph":{"x":176,"y":172.20000000000002,"width":11,"height":41.800000000000004},"height":41.800000000000004}