{"map":{"32":{"x":149,"y":88.60000000000001,"width":6,"height":20.900000000000002},"33":{"x":8,"y":1,"width":6,"height":20.900000000000002},"34":{"x":15,"y":1,"width":8,"height":20.900000000000002},"35":{"x":24,"y":1,"width":14,"height":20.900000000000002},"36":{"x":39,"y":1,"width":11,"height":20.900000000000002},"37":{"x":51,"y":1,"width":16,"height":20.900000000000002},"38":{"x":68,"y":1,"width":14,"height":20.900000000000002},"39":{"x":83,"y":1,"width":5,"height":20.900000000000002},"40":{"x":89,"y":1,"width":8,"height":20.900000000000002},"41":{"x":98,"y":1,"width":8,"height":20.900000000000002},"42":{"x":107,"y":1,"width":11,"height":20.900000000000002},"43":{"x":119,"y":1,"width":15,"height":20.900000000000002},"44":{"x":135,"y":1,"width":6,"height":20.900000000000002},"45":{"x":142,"y":1,"width":10,"height":20.900000000000002},"46":{"x":153,"y":1,"width":6,"height":20.900000000000002},"47":{"x":160,"y":1,"width":10,"height":20.900000000000002},"48":{"x":171,"y":1,"width":13,"height":20.900000000000002},"49":{"x":185,"y":1,"width":13,"height":20.900000000000002},"50":{"x":199,"y":1,"width":13,"height":20.900000000000002},"51":{"x":213,"y":1,"width":13,"height":20.900000000000002},"52":{"x":227,"y":1,"width":13,"height":20.900000000000002},"53":{"x":241,"y":1,"width":13,"height":20.900000000000002},"54":{"x":1,"y":22.900000000000002,"width":13,"height":20.900000000000002},"55":{"x":15,"y":22.900000000000002,"width":13,"height":20.900000000000002},"56":{"x":29,"y":22.900000000000002,"width":13,"height":20.900000000000002},"57":{"x":43,"y":22.900000000000002,"width":13,"height":20.900000000000002},"58":{"x":57,"y":22.900000000000002,"width":7,"height":20.900000000000002},"59":{"x":65,"y":22.900000000000002,"width":8,"height":20.900000000000002},"60":{"x":74,"y":22.900000000000002,"width":14,"height":20.900000000000002},"61":{"x":89,"y":22.900000000000002,"width":16,"height":20.900000000000002},"62":{"x":106,"y":22.900000000000002,"width":14,"height":20.900000000000002},"63":{"x":121,"y":22.900000000000002,"width":13,"height":20.900000000000002},"65":{"x":135,"y":22.900000000000002,"width":14,"height":20.900000000000002},"66":{"x":150,"y":22.900000000000002,"width":12,"height":20.900000000000002},"67":{"x":163,"y":22.900000000000002,"width":13,"height":20.900000000000002},"68":{"x":177,"y":22.900000000000002,"width":13,"height":20.900000000000002},"69":{"x":191,"y":22.900000000000002,"width":12,"height":20.900000000000002},"70":{"x":204,"y":22.900000000000002,"width":12,"height":20.900000000000002},"71":{"x":217,"y":22.900000000000002,"width":14,"height":20.900000000000002},"72":{"x":232,"y":22.900000000000002,"width":14,"height":20.900000000000002},"73":{"x":247,"y":22.900000000000002,"width":6,"height":20.900000000000002},"74":{"x":1,"y":44.800000000000004,"width":11,"height":20.900000000000002},"75":{"x":13,"y":44.800000000000004,"width":12,"height":20.900000000000002},"76":{"x":26,"y":44.800000000000004,"width":12,"height":20.900000000000002},"77":{"x":39,"y":44.800000000000004,"width":17,"height":20.900000000000002},"78":{"x":57,"y":44.800000000000004,"width":14,"height":20.900000000000002},"79":{"x":72,"y":44.800000000000004,"width":15,"height":20.900000000000002},"80":{"x":88,"y":44.800000000000004,"width":12,"height":20.900000000000002},"81":{"x":101,"y":44.800000000000004,"width":15,"height":20.900000000000002},"82":{"x":117,"y":44.800000000000004,"width":13,"height":20.900000000000002},"83":{"x":131,"y":44.800000000000004,"width":11,"height":20.900000000000002},"84":{"x":143,"y":44.800000000000004,"width":13,"height":20.900000000000002},"85":{"x":157,"y":44.800000000000004,"width":13,"height":20.900000000000002},"86":{"x":171,"y":44.800000000000004,"width":14,"height":20.900000000000002},"87":{"x":186,"y":44.800000000000004,"width":18,"height":20.900000000000002},"88":{"x":205,"y":44.800000000000004,"width":13,"height":20.900000000000002},"89":{"x":219,"y":44.800000000000004,"width":13,"height":20.900000000000002},"90":{"x":233,"y":44.800000000000004,"width":13,"height":20.900000000000002},"91":{"x":1,"y":66.7,"width":10,"height":20.900000000000002},"93":{"x":12,"y":66.7,"width":10,"height":20.900000000000002},"94":{"x":23,"y":66.7,"width":13,"height":20.900000000000002},"95":{"x":37,"y":66.7,"width":11,"height":20.900000000000002},"96":{"x":49,"y":66.7,"width":5,"height":20.900000000000002},"97":{"x":55,"y":66.7,"width":11,"height":20.900000000000002},"98":{"x":67,"y":66.7,"width":12,"height":20.900000000000002},"99":{"x":80,"y":66.7,"width":10,"height":20.900000000000002},"100":{"x":91,"y":66.7,"width":12,"height":20.900000000000002},"101":{"x":104,"y":66.7,"width":11,"height":20.900000000000002},"102":{"x":116,"y":66.7,"width":11,"height":20.900000000000002},"103":{"x":128,"y":66.7,"width":12,"height":20.900000000000002},"104":{"x":141,"y":66.7,"width":12,"height":20.900000000000002},"105":{"x":154,"y":66.7,"width":6,"height":20.900000000000002},"106":{"x":161,"y":66.7,"width":7,"height":20.900000000000002},"107":{"x":169,"y":66.7,"width":11,"height":20.900000000000002},"108":{"x":181,"y":66.7,"width":6,"height":20.900000000000002},"109":{"x":188,"y":66.7,"width":16,"height":20.900000000000002},"110":{"x":205,"y":66.7,"width":12,"height":20.900000000000002},"111":{"x":218,"y":66.7,"width":11,"height":20.900000000000002},"112":{"x":230,"y":66.7,"width":12,"height":20.900000000000002},"113":{"x":243,"y":66.7,"width":12,"height":20.900000000000002},"114":{"x":1,"y":88.60000000000001,"width":9,"height":20.900000000000002},"115":{"x":11,"y":88.60000000000001,"width":10,"height":20.900000000000002},"116":{"x":22,"y":88.60000000000001,"width":10,"height":20.900000000000002},"117":{"x":33,"y":88.60000000000001,"width":11,"height":20.900000000000002},"118":{"x":45,"y":88.60000000000001,"width":11,"height":20.900000000000002},"119":{"x":57,"y":88.60000000000001,"width":16,"height":20.900000000000002},"120":{"x":74,"y":88.60000000000001,"width":11,"height":20.900000000000002},"121":{"x":86,"y":88.60000000000001,"width":11,"height":20.900000000000002},"122":{"x":98,"y":88.60000000000001,"width":11,"height":20.900000000000002},"123":{"x":110,"y":88.60000000000001,"width":11,"height":20.900000000000002},"125":{"x":122,"y":88.60000000000001,"width":11,"height":20.900000000000002},"126":{"x":134,"y":88.60000000000001,"width":14,"height":20.900000000000002}},"missingGlyph":{"x":149,"y":88.60000000000001,"width":6,"height":20.900000000000002},"height":20.900000000000002}